{
	"sham": {
		"lambda": 1.0,
		"dlambda_dt": 0.0,
		"ca50ref": 2.14577,
		"Tref": 163.043,
		"TRPN50": 0.35,
		"nTRPN": 2.0,
		"kon": 0.1,
		"koff": 0.051094,
		"nXB": 5.0,
		"kXB": 0.017978,
		"beta0": 1.65,
		"beta1": -1.5,
		"a": 0.35,
		"A1": -29.0,
		"A2": 116.0,
		"alpha1": 0.15,
		"alpha2": 0.5
	},
	"ab": {
		"lambda": 1.0,
		"dlambda_dt": 0.0,
		"ca50ref": 0.741429,
		"Tref": 116.485,
		"TRPN50": 0.35,
		"nTRPN": 2.0,
		"kon": 0.1,
		"koff": 0.068187,
		"nXB": 5.0,
		"kXB": 0.008806,
		"beta0": 1.65,
		"beta1": -1.5,
		"a": 0.35,
		"A1": -29.0,
		"A2": 116.0,
		"alpha1": 0.15,
		"alpha2": 0.5
	}
}