{
	"sham": {
		"lambda": 1.0,
		"dlambda_dt": 0.0,
		"ca50": 2.1708,
		"Tref": 156.0670,
		"TRPN50": 0.35,
		"nTRPN": 2.0,
		"kon": 0.1,
		"koff": 0.0515,
		"nXB": 5.0,
		"kxb": 0.0172,
		"beta0": 1.65,
		"beta1": -1.5,
		"a": 0.35,
		"A1": -29.0,
		"A2": 116.0,
		"alpha1": 0.15,
		"alpha2": 0.5
	},
	"ab": {
		"lambda": 1.0,
		"dlambda_dt": 0.0,
		"ca50": 0.585282,
		"Tref": 129.977,
		"TRPN50": 0.35,
		"nTRPN": 2.0,
		"kon": 0.1,
		"koff": 0.195068,
		"nXB": 5.0,
		"kxb": 0.014022,
		"beta0": 1.65,
		"beta1": 1.88511,
		"a": 0.35,
		"A1": -29.0,
		"A2": 116.0,
		"alpha1": 0.15,
		"alpha2": 0.5
	}
}
