{
	"sham": {
		"1": {
			"g_Na": 0.0007,
			"g_to": 2.0e-5,
			"g_ss": 1.3e-5,
			"g_K1": 4.0e-5,
			"g_f": 1.45e-6,
			"i_NaK_max": 0.00138,
			"J_L": 0.0008,
			"N": 50000.0,
			"V_L": -9.0,
			"K_L": 0.00038,
			"g_NCX": 0.0234,
			"g_SERCA": 0.000235,
			"K_SERCA": 0.0004968,
			"g_pCa": 5.0e-6,
			"g_CaB": 2.0e-8,
			"g_SRl": 1.0e-6,
			"stim_period": 1000.0
		},
		"6": {
			"g_Na": 0.0007,
			"g_to": 2.0e-5,
			"g_ss": 1.3e-5,
			"g_K1": 4.0e-5,
			"g_f": 1.45e-6,
			"i_NaK_max": 0.00138,
			"J_L": 0.0008,
			"N": 50000.0,
			"V_L": -9.0,
			"K_L": 0.00038,
			"g_NCX": 0.0234,
			"g_SERCA": 0.00051,
			"K_SERCA": 0.00069,
			"g_pCa": 5.0e-6,
			"g_CaB": 2.0e-8,
			"g_SRl": 1.0e-6,
			"stim_period": 170.0
		}
	},
	"ab": {
		"1": {
			"g_Na": 0.0002,
			"g_to": 1.4e-5,
			"g_ss": 1.0e-6,
			"g_K1": 1.5e-5,
			"g_f": 1.45e-6,
			"i_NaK_max": 0.00138,
			"J_L": 0.0012,
			"N": 50000.0,
			"V_L": -13.0,
			"K_L": 0.00016,
			"g_NCX": 0.0456,
			"g_SERCA": 0.00049,
			"K_SERCA": 0.00044,
			"g_pCa": 5.0e-6,
			"g_CaB": 6.0e-9,
			"g_SRl": 1.0e-6,
			"stim_period": 1000.0
		},
		"6": {
			"g_Na": 0.0002,
			"g_to": 1.4e-5,
			"g_ss": 1.0e-6,
			"g_K1": 1.5e-5,
			"g_f": 1.45e-6,
			"i_NaK_max": 0.00138,
			"J_L": 0.0012,
			"N": 50000.0,
			"V_L": -13.0,
			"K_L": 0.00016,
			"g_NCX": 0.0456,
			"g_SERCA": 0.00049,
			"K_SERCA": 0.00025,
			"g_pCa": 5.0e-6,
			"g_CaB": 6.0e-9,
			"g_SRl": 1.0e-6,
			"stim_period": 170.0
		}
	}
}
