{
	"sham": {
		"lambda": 1.0,
		"dlambda_dt": 0.0,
		"Ca50": 2.17232,
		"Tref": 156.067,
		"TRPN50": 0.35,
		"nTRPN": 2.0,
		"kon": 0.1,
		"koff": 0.051514,
		"nXB": 5.0,
		"kXB": 0.017159,
		"beta0": 1.65,
		"beta1": -1.50079,
		"a": 0.35,
		"A1": -29.0,
		"A2": 116.0,
		"alpha1": 0.15,
		"alpha2": 0.5
	},
	"ab": {
		"lambda": 1.0,
		"dlambda_dt": 0.0,
		"Ca50": 0.937276,
		"Tref": 158.724,
		"TRPN50": 0.35,
		"nTRPN": 2.0,
		"kon": 0.1,
		"koff": 0.105778,
		"nXB": 5.0,
		"kXB": 0.013788,
		"beta0": 1.65,
		"beta1": -0.205376,
		"a": 0.35,
		"A1": -29.0,
		"A2": 116.0,
		"alpha1": 0.15,
		"alpha2": 0.5
	}
}